last_name,family_id,email,ip,plan,is_adult
Petersen,57,jason.petersen@example.com,99.198.66.225,Premium,Yes
Hardin,23,laura.hardin@example.com,138.35.24.218,Max-imal,Yes
Taylor,40,oscar.taylor@example.org,175.198.126.67,Max-imal,Yes
Kerr,8,lori.kerr@example.org,160.42.146.196,Free,Yes
Mueller,9,nancy.mueller@example.net,117.228.108.42,Free,No
Wilkinson,68,lauren.wilkinson@example.org,166.233.69.34,Premium,No
Cline,95,cindy.cline@example.net,59.109.103.204,Free,No
Brock,81,mitchell.brock@example.org,138.120.14.93,Premium,Yes
Edwards,65,john.edwards@example.net,66.97.210.5,Premium,Yes
Morris,16,deborah.morris@example.org,210.181.55.237,Free,Yes
Wilkinson,68,denise.wilkinson@example.net,193.141.239.141,Max-imal,Yes
Hardin,23,mary.hardin@example.org,184.60.140.180,Premium,Yes
Mccarty,21,erica.mccarty@example.net,158.230.241.24,Free,Yes
Ellison,73,erica.ellison@example.net,160.42.236.234,Max-imal,No
Cook,47,gary.cook@example.net,18.193.96.50,Free,No
Ritter,96,brittany.ritter@example.com,145.255.235.205,Free,No
Schultz,54,christina.schultz@example.org,122.9.199.132,Max-imal,No
Walls,30,gilbert.walls@example.com,28.6.7.61,Premium,No
Casey,76,marcus.casey@example.com,115.188.234.195,Premium,Yes
Edwards,65,robert.edwards@example.org,147.193.126.107,Max-imal,Yes
Olson,67,thomas.olson@example.org,98.232.206.69,Premium,No
Oneal,18,brent.oneal@example.net,214.149.195.62,Free,Yes
Thompson,28,alan.thompson@example.org,148.180.182.219,Premium,Yes
Schmidt,69,sara.schmidt@example.org,51.156.158.29,Max-imal,Yes
Reed,39,wayne.reed@example.net,121.46.51.223,Max-imal,Yes
Bradley,19,james.bradley@example.com,72.82.251.162,Max-imal,Yes
Casey,76,danielle.casey@example.net,19.206.81.148,Premium,Yes
Stewart,33,matthew.stewart@example.net,21.96.32.0,Max-imal,No
Reyes,48,kimberly.reyes@example.org,207.112.241.209,Premium,No
Lewis,80,christopher.lewis@example.org,222.182.147.162,Free,No
Thompson,28,frances.thompson@example.net,177.28.81.3,Free,Yes
Roberts,13,gina.roberts@example.org,43.63.228.139,Premium,No
Casey,76,melanie.casey@example.org,205.247.142.20,Premium,No
Thompson,28,linda.thompson@example.net,120.85.110.38,Max-imal,Yes
Walls,30,doris.walls@example.com,184.42.104.212,Premium,Yes
Cox,36,paige.cox@example.org,123.68.13.252,Free,No
Mercer,78,sean.mercer@example.net,72.90.167.231,Free,Yes
Parrish,99,denise.parrish@example.com,17.249.213.96,Premium,Yes
Schmidt,69,cassandra.schmidt@example.com,200.102.129.53,Max-imal,No
Stewart,33,james.stewart@example.net,179.33.151.157,Max-imal,Yes
Guerrero,89,daniel.guerrero@example.com,96.221.41.222,Max-imal,Yes
Roberts,13,eric.roberts@example.net,24.233.251.168,Max-imal,Yes
Garcia,34,michelle.garcia@example.org,82.6.202.69,Max-imal,No
Robinson,59,daniel.robinson@example.org,27.117.238.90,Premium,Yes
Newman,1,keith.newman@example.com,167.109.109.158,Max-imal,No
Bradley,19,michael.bradley@example.org,15.145.117.102,Premium,No
Hale,45,stephanie.hale@example.net,134.87.202.91,Free,Yes
Jackson,24,antonio.jackson@example.org,129.4.200.198,Max-imal,Yes
Jordan,49,haley.jordan@example.org,200.178.237.85,Max-imal,Yes
Hernandez,38,ashley.hernandez@example.org,170.160.163.112,Premium,Yes
Kim,72,michelle.kim@example.com,31.188.84.6,Premium,No
Williams,17,kenneth.williams@example.net,205.112.237.143,Max-imal,No
Mccarty,21,nicholas.mccarty@example.com,124.109.146.211,Free,Yes
Kim,72,geoffrey.kim@example.com,50.223.169.23,Max-imal,No
Stone,66,jeffery.stone@example.org,121.29.94.127,Max-imal,No
Powell,0,brandon.powell@example.net,13.42.102.250,Premium,No
Delgado,97,brenda.delgado@example.com,174.10.229.151,Premium,Yes
Jordan,49,curtis.jordan@example.org,88.18.141.176,Max-imal,No
Jordan,49,juan.jordan@example.org,8.201.165.194,Premium,Yes
Oneal,18,patricia.oneal@example.net,181.56.137.9,Max-imal,No
Hancock,79,stephanie.hancock@example.com,116.230.191.107,Free,Yes
Horn,83,michael.horn@example.org,150.111.176.95,Free,No
Young,12,eric.young@example.com,165.122.97.23,Premium,No
Lowery,70,elizabeth.lowery@example.com,214.64.120.31,Premium,Yes
Casey,76,mary.casey@example.org,91.202.126.15,Free,No
Phillips,46,sara.phillips@example.com,205.125.142.178,Free,No
Robles,43,amanda.robles@example.org,152.210.120.150,Premium,Yes
Bennett,15,john.bennett@example.com,31.218.230.244,Max-imal,Yes
Riley,25,patty.riley@example.org,192.27.57.68,Max-imal,Yes
Hale,45,melissa.hale@example.net,128.177.121.65,Free,No
Li,71,jerry.li@example.net,151.189.82.233,Premium,Yes
Jones,35,michelle.jones@example.org,64.213.50.117,Max-imal,Yes
Sullivan,75,ethan.sullivan@example.net,194.229.243.45,Max-imal,No
Brown,41,james.brown@example.net,119.150.230.18,Premium,No
Gray,93,steven.gray@example.net,162.94.3.68,Free,No
Leonard,42,melissa.leonard@example.net,99.243.136.128,Premium,No
Reed,39,david.reed@example.org,3.52.211.250,Free,No
Wood,27,garrett.wood@example.com,207.199.21.164,Free,No
Taylor,40,brian.taylor@example.com,113.161.16.182,Max-imal,No
Walls,30,holly.walls@example.net,60.38.55.26,Premium,No
Johnson,3,kenneth.johnson@example.net,126.146.107.64,Max-imal,No
Stewart,33,gary.stewart@example.com,137.224.56.126,Free,Yes
Anderson,92,daniel.anderson@example.com,3.36.199.136,Max-imal,Yes
Johnson,3,andrew.johnson@example.com,66.221.103.97,Max-imal,Yes
Powell,0,matthew.powell@example.com,197.116.217.227,Max-imal,Yes
Anderson,92,mario.anderson@example.net,178.106.28.200,Max-imal,Yes
Robinson,59,michael.robinson@example.org,204.203.62.30,Max-imal,No
Thompson,28,richard.thompson@example.net,121.38.108.80,Free,Yes
Garcia,34,barbara.garcia@example.com,8.156.58.93,Max-imal,No
Warner,5,dustin.warner@example.com,202.97.63.250,Free,Yes
Norton,53,paul.norton@example.net,172.9.157.50,Max-imal,Yes
Young,12,craig.young@example.com,142.39.244.115,Max-imal,Yes
Joseph,94,linda.joseph@example.net,92.45.96.22,Free,No
Joseph,94,nicole.joseph@example.net,55.103.138.3,Free,Yes
Shaffer,64,bruce.shaffer@example.net,154.29.170.133,Premium,Yes
Parrish,99,joshua.parrish@example.org,114.18.54.174,Free,No
Ellison,73,hannah.ellison@example.org,12.91.164.59,Premium,Yes
Leonard,42,tiffany.leonard@example.org,38.55.89.13,Free,No
Cline,95,james.cline@example.com,15.134.137.151,Max-imal,Yes
Hale,45,lynn.hale@example.org,47.79.94.161,Free,No
Mcfarland,87,victoria.mcfarland@example.org,195.35.184.157,Free,No
Anderson,92,justin.anderson@example.org,160.250.38.2,Max-imal,No
Guerrero,89,anthony.guerrero@example.net,5.56.1.221,Free,Yes
Andrade,61,kristen.andrade@example.org,128.101.7.222,Premium,No
Walls,30,angel.walls@example.net,191.124.207.2,Premium,Yes
Cline,95,holly.cline@example.org,47.249.57.213,Premium,Yes
Mccarty,21,sarah.mccarty@example.org,79.197.219.97,Premium,Yes
Jackson,24,stacy.jackson@example.org,133.249.138.173,Free,Yes
Reed,39,john.reed@example.com,102.231.236.1,Premium,Yes
Harrington,86,russell.harrington@example.org,192.7.40.222,Free,Yes
Harrington,86,christine.harrington@example.org,5.59.200.163,Free,No
Lewis,80,hunter.lewis@example.net,190.198.6.188,Premium,No
Adams,10,ann.adams@example.com,75.63.51.49,Free,Yes
Hoover,6,mary.hoover@example.com,73.220.117.85,Max-imal,Yes
Acosta,4,bryan.acosta@example.org,156.135.180.222,Premium,No
Haas,26,devin.haas@example.com,86.90.54.82,Free,Yes
Taylor,40,patrick.taylor@example.com,151.16.137.82,Premium,Yes
Robinson,59,kevin.robinson@example.net,155.197.173.25,Free,No
Watson,29,kevin.watson@example.net,23.95.1.39,Premium,No
Reyes,48,gregory.reyes@example.net,213.188.8.129,Premium,Yes
Miller,55,heather.miller@example.net,161.84.109.92,Premium,Yes
Greene,22,james.greene@example.net,208.132.219.205,Max-imal,Yes
Morris,16,keith.morris@example.net,163.85.254.54,Free,No
Delgado,97,roberta.delgado@example.net,20.9.147.190,Premium,No
Wood,27,tonya.wood@example.net,29.62.2.230,Free,Yes
Rivera,14,laura.rivera@example.com,187.81.230.51,Premium,No
Reyes,48,patricia.reyes@example.com,141.210.95.87,Max-imal,No
Leonard,42,katrina.leonard@example.net,41.218.49.71,Max-imal,No
Mccarty,21,stephanie.mccarty@example.org,124.219.226.63,Free,Yes
Rivera,14,natasha.rivera@example.net,212.133.227.55,Max-imal,No
Kerr,8,cody.kerr@example.org,217.47.86.177,Premium,No
Taylor,40,daniel.taylor@example.com,166.215.223.76,Premium,Yes
Petersen,57,michelle.petersen@example.net,142.205.80.55,Free,Yes
Powell,0,carlos.powell@example.com,147.225.59.216,Premium,Yes
Hernandez,38,karen.hernandez@example.org,73.85.109.115,Premium,No
Mccarty,21,brooke.mccarty@example.org,166.147.150.115,Max-imal,Yes
Garcia,34,emily.garcia@example.com,175.31.44.144,Max-imal,Yes
Wood,27,richard.wood@example.com,94.190.171.215,Max-imal,No
Gibson,7,regina.gibson@example.net,128.129.93.29,Premium,No
Mcfarland,87,joseph.mcfarland@example.net,52.155.224.55,Max-imal,No
Rivera,14,kristina.rivera@example.net,50.139.27.154,Free,No
Robles,43,zachary.robles@example.net,207.90.153.13,Max-imal,No
Brown,41,cindy.brown@example.com,19.251.213.20,Max-imal,Yes
Mueller,9,melissa.mueller@example.com,121.193.21.72,Premium,No
Robles,43,brian.robles@example.com,66.224.30.172,Max-imal,Yes
Joseph,94,stephanie.joseph@example.com,182.13.184.253,Premium,Yes
Smith,32,kimberly.smith@example.com,66.212.128.22,Premium,No
Olson,67,melissa.olson@example.com,126.240.217.217,Premium,No
Murphy,90,carlos.murphy@example.net,169.152.122.192,Free,Yes
Brown,41,justin.brown@example.org,108.195.1.249,Free,No
Bennett,15,anita.bennett@example.net,120.130.159.200,Free,No
Montes,82,kayla.montes@example.org,177.77.121.219,Max-imal,Yes
Norton,53,james.norton@example.org,104.69.22.139,Premium,Yes
Berry,11,trevor.berry@example.net,175.6.220.137,Max-imal,No
Allen,84,natalie.allen@example.net,150.129.213.158,Premium,No
Thompson,28,richard.thompson@example.org,66.110.234.200,Max-imal,Yes
Parrish,99,patricia.parrish@example.org,216.47.223.213,Premium,Yes
Nelson,37,james.nelson@example.com,16.68.126.239,Free,No
Mueller,9,earl.mueller@example.org,202.53.3.63,Premium,No
Edwards,65,phillip.edwards@example.com,210.130.183.74,Max-imal,Yes
Hoover,6,howard.hoover@example.com,8.172.8.185,Free,No
Jackson,24,karen.jackson@example.org,6.120.177.139,Free,Yes
Phillips,46,james.phillips@example.org,14.108.122.39,Max-imal,No
Cox,36,ashley.cox@example.org,99.7.192.221,Premium,Yes
Bradley,19,karla.bradley@example.com,47.47.54.120,Free,Yes
Stewart,33,christopher.stewart@example.net,185.243.231.46,Premium,Yes
Hardin,23,charlene.hardin@example.com,85.5.143.151,Max-imal,Yes
Robles,43,kelly.robles@example.net,106.1.85.20,Free,Yes
Kerr,8,krista.kerr@example.net,117.210.40.242,Max-imal,Yes
Reed,39,elizabeth.reed@example.org,130.241.25.185,Free,No
Stewart,33,vanessa.stewart@example.com,209.147.83.135,Free,No
Jackson,24,connie.jackson@example.com,194.50.121.149,Premium,No
Wade,91,wesley.wade@example.org,187.136.127.18,Premium,Yes
Haas,26,brian.haas@example.net,155.144.79.65,Premium,No
Olson,67,bryan.olson@example.net,111.227.99.199,Free,No
Mueller,9,christine.mueller@example.org,142.165.43.249,Max-imal,Yes
Walker,31,natasha.walker@example.com,123.219.155.149,Premium,No
Mcfarland,87,diane.mcfarland@example.net,20.234.106.88,Free,No
Li,71,daniel.li@example.com,25.128.12.145,Free,Yes
Cox,36,sheila.cox@example.com,144.54.155.161,Premium,No
Lopez,63,brandon.lopez@example.com,156.216.5.183,Free,No
Watson,29,sabrina.watson@example.com,203.76.156.28,Premium,Yes
Wade,91,carrie.wade@example.com,94.45.9.142,Premium,Yes
Reyes,48,michael.reyes@example.net,60.182.6.123,Max-imal,Yes
Hancock,79,mary.hancock@example.net,205.163.214.93,Free,Yes
Berry,11,andrea.berry@example.net,64.135.45.39,Free,Yes
Watkins,52,mark.watkins@example.net,172.255.25.197,Premium,Yes
Mercer,78,benjamin.mercer@example.org,64.45.178.233,Max-imal,No
Lynn,51,phillip.lynn@example.com,136.216.30.196,Max-imal,Yes
Hardin,23,kristin.hardin@example.com,25.55.229.112,Premium,Yes
Rivera,14,sergio.rivera@example.com,58.122.82.60,Max-imal,Yes
Mueller,9,jason.mueller@example.org,209.59.61.150,Free,No
Watson,29,daniel.watson@example.com,173.19.11.171,Free,Yes
Williams,17,jacob.williams@example.org,148.125.68.48,Premium,Yes
Warner,5,randall.warner@example.com,13.124.228.70,Premium,Yes
Robles,43,daniel.robles@example.net,155.120.161.253,Premium,Yes
Davis,20,william.davis@example.net,128.226.106.62,Premium,Yes
Ritter,96,clayton.ritter@example.com,93.130.22.140,Free,No
Garcia,34,joseph.garcia@example.net,220.234.84.58,Free,Yes
Haas,26,lindsay.haas@example.net,120.233.184.68,Premium,Yes
Li,71,jessica.li@example.com,51.223.227.112,Free,Yes
Montes,82,paula.montes@example.org,103.140.141.212,Premium,No
Taylor,40,ashley.taylor@example.net,213.115.119.35,Max-imal,No
Walker,31,christopher.walker@example.net,137.242.42.210,Premium,Yes
Robles,43,jacob.robles@example.org,135.245.102.36,Max-imal,No
Clark,62,jessica.clark@example.org,104.108.232.68,Premium,No
Parrish,99,jennifer.parrish@example.com,83.6.172.195,Premium,Yes
Evans,2,brittany.evans@example.org,60.163.215.160,Max-imal,Yes
Young,12,deborah.young@example.org,207.135.41.8,Premium,No
Hale,45,mike.hale@example.net,58.27.223.240,Premium,Yes
Kim,72,alyssa.kim@example.net,5.122.34.100,Max-imal,No
Acosta,4,amy.acosta@example.org,1.0.72.116,Max-imal,Yes
Brock,81,dawn.brock@example.com,34.145.114.132,Max-imal,No
Lewis,80,brittany.lewis@example.org,90.15.43.214,Premium,No
Harrington,86,meghan.harrington@example.org,198.144.187.155,Free,No
Leonard,42,rachel.leonard@example.org,179.78.65.73,Free,Yes
Powell,0,stephanie.powell@example.com,84.73.3.85,Free,No
Cox,36,paula.cox@example.net,146.91.129.215,Free,No
Stewart,33,michael.stewart@example.com,113.97.160.74,Max-imal,No
Stewart,33,alexandria.stewart@example.org,141.66.239.141,Premium,Yes
Navarro,58,kevin.navarro@example.net,18.151.163.226,Free,Yes
Ritter,96,patricia.ritter@example.com,113.179.163.74,Premium,Yes
Hale,45,paul.hale@example.com,33.251.135.45,Max-imal,Yes
Nelson,37,james.nelson@example.com,129.58.147.225,Max-imal,No
Haas,26,amy.haas@example.com,52.62.202.151,Premium,No
Jones,35,michael.jones@example.net,163.137.157.42,Premium,Yes
Clark,62,gina.clark@example.net,120.36.253.103,Free,No
Hernandez,38,william.hernandez@example.com,152.32.77.35,Max-imal,Yes
Jackson,24,travis.jackson@example.com,211.100.26.144,Premium,No
Riley,25,daisy.riley@example.com,68.254.96.233,Free,Yes
Stone,66,john.stone@example.com,140.220.240.104,Max-imal,No
Stone,66,jeffrey.stone@example.net,174.179.144.195,Max-imal,No
Anderson,92,carla.anderson@example.net,178.162.69.45,Free,Yes
Schultz,54,deborah.schultz@example.org,83.53.236.50,Premium,Yes
Greene,22,christopher.greene@example.net,58.245.25.37,Free,Yes
Pratt,50,dustin.pratt@example.com,49.161.23.67,Premium,No
Garza,74,jeremy.garza@example.net,111.197.149.253,Free,Yes
Wood,27,michael.wood@example.org,146.106.26.194,Free,Yes
Casey,76,kelly.casey@example.com,68.169.75.125,Max-imal,Yes
Young,12,teresa.young@example.org,132.149.15.103,Free,Yes
Hoover,6,matthew.hoover@example.net,3.89.73.144,Free,Yes
Mercer,78,steven.mercer@example.net,90.22.231.37,Premium,Yes
Shaffer,64,tammy.shaffer@example.net,124.130.188.140,Free,Yes
Walls,30,joan.walls@example.net,113.245.206.136,Free,No
Robles,43,michael.robles@example.com,91.21.145.140,Premium,Yes
Reed,39,rhonda.reed@example.net,183.56.252.171,Free,Yes
Mccarty,21,robert.mccarty@example.org,192.32.163.52,Free,No
Joseph,94,bianca.joseph@example.org,4.53.56.18,Premium,No
Murphy,90,daniel.murphy@example.org,21.97.83.242,Premium,Yes
Jones,35,kyle.jones@example.com,110.210.114.114,Free,Yes
Sanders,44,mitchell.sanders@example.org,23.174.136.230,Premium,Yes
Smith,32,thomas.smith@example.org,77.165.93.51,Max-imal,No
Brown,41,robert.brown@example.net,143.219.108.96,Free,No
Ellison,73,brandy.ellison@example.com,200.189.228.135,Premium,Yes
Stewart,33,kenneth.stewart@example.com,46.149.7.240,Max-imal,Yes
Taylor,40,robert.taylor@example.com,78.17.14.211,Premium,Yes
Shaffer,64,jon.shaffer@example.org,136.225.146.252,Max-imal,Yes
Booth,85,angie.booth@example.net,180.13.102.211,Free,Yes
Lopez,63,john.lopez@example.net,92.177.188.90,Premium,Yes
Mcfarland,87,melissa.mcfarland@example.net,220.92.53.10,Max-imal,Yes
Hill,60,nathan.hill@example.org,177.84.63.27,Free,No
Cox,36,rhonda.cox@example.org,133.249.175.97,Free,Yes
Wade,91,marissa.wade@example.com,39.142.16.55,Premium,No
Hancock,79,daniel.hancock@example.com,69.225.3.111,Free,No
Ellison,73,virginia.ellison@example.com,180.93.237.30,Premium,Yes
Pratt,50,christine.pratt@example.com,143.230.98.115,Premium,Yes
Shaffer,64,john.shaffer@example.org,133.234.166.139,Max-imal,No
Wade,91,daniel.wade@example.org,10.236.6.68,Free,No
Berry,11,rachel.berry@example.net,46.153.249.190,Free,Yes
Parrish,99,michael.parrish@example.org,99.107.125.152,Free,No
Nelson,37,brandon.nelson@example.net,170.248.57.158,Premium,Yes
Cook,47,jeremy.cook@example.net,2.109.21.146,Free,No
Lynn,51,joshua.lynn@example.com,128.231.175.18,Free,Yes
Garcia,34,ronnie.garcia@example.net,93.111.84.57,Max-imal,No
Roberts,13,jennifer.roberts@example.com,165.201.48.27,Premium,No
Riley,25,keith.riley@example.net,199.115.25.255,Premium,No
Brown,41,warren.brown@example.com,180.74.46.40,Free,Yes
Reyes,48,edward.reyes@example.org,14.31.81.184,Max-imal,No
Mccarty,21,melissa.mccarty@example.org,200.250.68.196,Max-imal,No
Cook,47,matthew.cook@example.org,173.131.38.142,Free,No
Petersen,57,jennifer.petersen@example.net,214.12.123.19,Max-imal,No
Robinson,59,jonathan.robinson@example.org,124.129.138.141,Premium,No
Olson,67,nicole.olson@example.net,89.205.4.244,Free,Yes
Horn,83,kimberly.horn@example.com,91.48.16.86,Premium,Yes
Kim,72,luis.kim@example.org,14.27.42.121,Free,No
Garcia,34,chelsea.garcia@example.com,94.109.149.6,Max-imal,Yes
Williams,17,lori.williams@example.net,92.55.204.146,Premium,Yes
Brown,41,stephanie.brown@example.net,141.61.141.50,Free,Yes
Wilkinson,68,brittney.wilkinson@example.net,95.139.50.71,Premium,No
Li,71,joseph.li@example.net,30.230.65.88,Max-imal,Yes
Delgado,97,ryan.delgado@example.com,108.98.15.226,Premium,No
Allen,84,andrew.allen@example.org,38.108.149.96,Premium,No
Acosta,4,jerry.acosta@example.org,178.19.37.214,Max-imal,No
Bennett,15,john.bennett@example.net,135.159.26.135,Max-imal,Yes
Garza,74,tonya.garza@example.org,153.93.105.44,Free,No
Reyes,48,joshua.reyes@example.net,16.154.56.127,Premium,No
Miller,55,jeffrey.miller@example.net,101.81.142.83,Max-imal,Yes
Stone,66,brian.stone@example.net,102.151.188.61,Max-imal,Yes
Reed,39,samantha.reed@example.net,41.46.35.189,Free,Yes
Johnson,3,teresa.johnson@example.net,100.225.131.139,Premium,No
Delgado,97,brian.delgado@example.net,46.154.189.79,Max-imal,Yes
Roberts,13,olivia.roberts@example.net,87.17.51.142,Max-imal,No
Allen,84,john.allen@example.com,88.131.148.67,Max-imal,Yes
Riley,25,melissa.riley@example.net,47.234.224.1,Free,No
Mercer,78,michael.mercer@example.org,170.202.217.175,Free,Yes
Leonard,42,jennifer.leonard@example.com,109.36.178.239,Free,Yes
Lewis,80,emma.lewis@example.com,50.54.36.16,Premium,No
Nelson,37,felicia.nelson@example.com,66.5.41.48,Premium,Yes
Mann,98,nichole.mann@example.com,124.146.154.200,Max-imal,No
Hernandez,38,mary.hernandez@example.net,186.226.247.2,Premium,Yes
Navarro,58,julie.navarro@example.com,21.213.112.37,Premium,No
Kerr,8,teresa.kerr@example.com,97.128.95.97,Free,No
Olson,67,jeffrey.olson@example.com,85.94.15.13,Max-imal,Yes
Lowery,70,karen.lowery@example.com,24.135.142.170,Free,Yes
Riley,25,ian.riley@example.net,31.192.233.19,Free,No
Clark,62,kelly.clark@example.com,104.29.216.183,Max-imal,Yes
Riley,25,debra.riley@example.com,111.176.159.115,Max-imal,No
Petersen,57,lindsay.petersen@example.org,33.37.49.132,Free,Yes
Roberts,13,linda.roberts@example.org,186.178.5.101,Premium,No
Stone,66,kim.stone@example.org,223.235.69.185,Max-imal,No
Knight,77,evan.knight@example.com,78.76.105.89,Premium,Yes
Navarro,58,kimberly.navarro@example.org,108.92.236.219,Max-imal,Yes
Lynn,51,anita.lynn@example.net,215.55.64.52,Free,No
Clark,62,kimberly.clark@example.net,190.31.132.156,Premium,No
Cline,95,christine.cline@example.org,43.215.232.38,Free,No
Olson,67,samantha.olson@example.com,149.222.148.105,Free,Yes
Petersen,57,anthony.petersen@example.com,108.156.95.218,Premium,Yes
Hale,45,beth.hale@example.org,184.0.171.68,Premium,Yes
Newman,1,wendy.newman@example.com,76.124.20.120,Max-imal,Yes
Hernandez,38,shannon.hernandez@example.org,197.10.18.21,Premium,No
Hill,60,tiffany.hill@example.com,2.196.164.30,Premium,Yes
Reyes,48,eric.reyes@example.org,96.203.205.180,Max-imal,Yes
Brown,41,natalie.brown@example.org,217.121.135.152,Premium,No
Thompson,28,allison.thompson@example.net,89.232.246.175,Free,No
Watson,29,cassandra.watson@example.net,172.255.59.53,Premium,Yes
Taylor,40,david.taylor@example.org,175.2.154.81,Free,Yes
Ritter,96,cheyenne.ritter@example.net,45.254.105.225,Max-imal,Yes
Reyes,48,lisa.reyes@example.org,124.195.44.33,Max-imal,Yes
Casey,76,deborah.casey@example.net,162.218.249.123,Max-imal,No
Wood,27,alexander.wood@example.com,136.114.43.248,Max-imal,No
Evans,2,aimee.evans@example.com,163.79.87.185,Max-imal,Yes
Parrish,99,nancy.parrish@example.net,66.108.233.108,Max-imal,No
Parrish,99,robert.parrish@example.com,94.145.255.200,Premium,Yes
Pratt,50,maria.pratt@example.org,6.42.123.185,Free,Yes
Griffin,88,julie.griffin@example.com,12.160.235.221,Max-imal,No
Reed,39,donna.reed@example.com,5.72.117.210,Free,Yes
Guerrero,89,chelsea.guerrero@example.com,223.196.153.223,Max-imal,No
Brown,41,eduardo.brown@example.org,56.108.103.12,Premium,No
Young,12,tina.young@example.net,69.152.214.27,Free,No
Petersen,57,cynthia.petersen@example.org,139.217.93.245,Max-imal,Yes
Walls,30,katherine.walls@example.net,134.92.112.9,Free,No
Wilkinson,68,melissa.wilkinson@example.net,49.197.27.188,Free,Yes
Kim,72,melissa.kim@example.com,89.117.133.108,Free,No
Jones,35,dustin.jones@example.org,81.88.134.76,Premium,Yes
Horn,83,tony.horn@example.com,110.212.157.51,Premium,Yes
Ritter,96,carlos.ritter@example.net,103.226.49.96,Max-imal,No
Evans,2,charles.evans@example.com,201.216.229.197,Max-imal,No
Oneal,18,jacqueline.oneal@example.com,103.52.238.177,Premium,No
Sullivan,75,stephanie.sullivan@example.net,95.178.172.72,Free,No
Sullivan,75,seth.sullivan@example.com,203.125.89.207,Max-imal,No
Stone,66,dawn.stone@example.com,75.152.169.147,Max-imal,No
Jordan,49,martin.jordan@example.org,160.223.116.116,Max-imal,Yes
Parrish,99,kristin.parrish@example.com,185.241.16.129,Premium,No
Jones,35,amanda.jones@example.org,200.220.67.133,Max-imal,Yes
Robinson,59,jerry.robinson@example.com,53.101.215.172,Free,Yes
Knight,77,kelly.knight@example.org,114.15.156.166,Free,No
Gray,93,julie.gray@example.com,182.70.205.4,Max-imal,Yes
Knight,77,william.knight@example.net,70.58.54.137,Premium,Yes
Cox,36,amanda.cox@example.com,168.36.59.47,Free,No
Berry,11,paul.berry@example.org,220.255.146.60,Max-imal,Yes
Casey,76,jason.casey@example.com,145.91.83.146,Premium,No
Wade,91,tanya.wade@example.org,71.68.30.81,Premium,No
Mueller,9,hayley.mueller@example.net,123.214.62.1,Max-imal,Yes
Gray,93,dawn.gray@example.net,223.83.61.147,Free,Yes
Anderson,92,david.anderson@example.org,82.114.47.128,Max-imal,No
Mcfarland,87,ana.mcfarland@example.org,148.85.194.186,Free,Yes
Warner,5,michelle.warner@example.org,159.122.242.227,Max-imal,Yes
Hardin,23,candice.hardin@example.net,145.88.32.214,Max-imal,Yes
Miller,55,michael.miller@example.org,63.49.183.2,Free,Yes
Guerrero,89,elizabeth.guerrero@example.com,153.229.12.252,Free,No
Cox,36,mario.cox@example.com,51.44.3.136,Premium,Yes
Gibson,7,andrew.gibson@example.org,213.115.235.241,Max-imal,Yes
Ritter,96,kimberly.ritter@example.com,100.143.248.36,Max-imal,No
Adams,10,susan.adams@example.org,112.95.79.181,Free,No
Mann,98,adrian.mann@example.com,46.149.233.117,Max-imal,No
Hernandez,38,julie.hernandez@example.com,94.195.61.80,Max-imal,Yes
Williams,17,harry.williams@example.org,67.105.187.3,Free,Yes
Gray,93,miguel.gray@example.org,159.155.169.105,Premium,Yes
Knight,77,david.knight@example.com,106.229.138.101,Premium,Yes
Robinson,59,holly.robinson@example.com,20.50.168.255,Max-imal,No
Roberts,13,elizabeth.roberts@example.net,60.123.11.171,Free,Yes
Ritter,96,carl.ritter@example.org,117.5.96.252,Free,No
Bennett,15,jeffrey.bennett@example.org,93.148.170.248,Free,Yes
Mcfarland,87,kevin.mcfarland@example.net,191.147.108.251,Max-imal,No
Navarro,58,brandon.navarro@example.com,123.234.110.108,Free,No
Powell,0,rachel.powell@example.net,126.97.249.91,Max-imal,No
Lopez,63,william.lopez@example.com,218.55.38.47,Premium,Yes
Harrington,86,erik.harrington@example.net,126.134.64.229,Premium,Yes
Stone,66,megan.stone@example.com,53.7.243.248,Max-imal,No
Reed,39,jennifer.reed@example.net,83.151.225.205,Max-imal,No
Horn,83,leslie.horn@example.com,185.253.160.207,Max-imal,Yes
Watson,29,stephanie.watson@example.com,204.233.168.252,Premium,No
Stewart,33,justin.stewart@example.net,184.239.151.201,Premium,Yes
Phillips,46,victor.phillips@example.org,141.154.175.112,Free,No
Young,12,dwayne.young@example.org,124.62.183.166,Free,No
Garza,74,douglas.garza@example.org,223.246.216.48,Premium,Yes
Li,71,vanessa.li@example.net,35.150.223.48,Premium,Yes
Thompson,28,anthony.thompson@example.net,116.66.6.51,Free,Yes
Newman,1,ruth.newman@example.com,169.235.162.255,Free,Yes
Kim,72,rachel.kim@example.com,156.193.239.159,Premium,No
Berry,11,cynthia.berry@example.com,46.69.231.10,Premium,Yes
Kerr,8,gina.kerr@example.org,37.25.176.161,Free,Yes
Riley,25,brian.riley@example.org,2.111.174.33,Free,No
Miller,55,jessica.miller@example.net,31.28.77.10,Max-imal,Yes
Reed,39,robert.reed@example.com,192.230.193.234,Premium,Yes
Anderson,92,kristin.anderson@example.net,213.128.27.117,Max-imal,No
Lynn,51,antonio.lynn@example.net,75.86.132.38,Free,No
Edwards,65,gerald.edwards@example.org,54.227.161.203,Premium,Yes
Montes,82,james.montes@example.com,100.254.28.121,Free,Yes
Haas,26,courtney.haas@example.org,220.102.216.205,Max-imal,Yes
Montes,82,jennifer.montes@example.com,148.144.46.230,Free,Yes
Wilkinson,68,pamela.wilkinson@example.com,62.63.14.125,Premium,No
Montes,82,shelby.montes@example.org,143.31.127.107,Free,Yes
Cox,36,alison.cox@example.org,122.165.193.222,Premium,No
Sullivan,75,leslie.sullivan@example.com,145.76.69.98,Free,No
Hale,45,sarah.hale@example.org,97.142.72.100,Free,No
Nelson,37,theodore.nelson@example.com,92.210.8.239,Premium,Yes
Davis,20,susan.davis@example.org,197.196.30.92,Premium,Yes
Lewis,80,brian.lewis@example.org,115.67.130.29,Max-imal,No
Taylor,40,stephanie.taylor@example.net,207.202.90.87,Free,No
Mann,98,lori.mann@example.com,74.1.134.236,Free,No
Stewart,33,cindy.stewart@example.net,71.243.110.171,Max-imal,No
Griffin,88,cindy.griffin@example.org,140.227.173.38,Max-imal,No
Wade,91,amy.wade@example.org,106.223.83.181,Premium,Yes
Murphy,90,carlos.murphy@example.org,190.31.103.221,Premium,No
Wilkinson,68,ashley.wilkinson@example.net,99.55.188.75,Premium,No
Newman,1,heather.newman@example.net,22.187.106.182,Premium,Yes
Horn,83,matthew.horn@example.org,55.124.240.222,Free,No
Joseph,94,michael.joseph@example.com,142.251.8.89,Free,Yes
Petersen,57,angela.petersen@example.org,201.195.117.97,Free,Yes
Brock,81,matthew.brock@example.net,23.244.251.184,Max-imal,Yes
Smith,32,julie.smith@example.com,216.201.171.65,Premium,Yes
Cox,36,samantha.cox@example.org,132.166.60.69,Free,No
Sullivan,75,cheryl.sullivan@example.net,63.13.19.88,Max-imal,Yes
Miller,55,megan.miller@example.net,120.98.145.117,Max-imal,No
Ellison,73,vanessa.ellison@example.net,5.3.60.33,Max-imal,Yes
Cox,36,renee.cox@example.org,197.211.203.253,Premium,No
Lynn,51,matthew.lynn@example.org,4.135.135.184,Free,Yes
Lynn,51,christopher.lynn@example.net,195.230.117.126,Premium,Yes
Mann,98,william.mann@example.com,211.36.41.18,Premium,No
Williams,17,jonathon.williams@example.com,59.169.140.11,Max-imal,No
Wood,27,brian.wood@example.org,191.130.25.6,Max-imal,Yes
Parrish,99,lindsay.parrish@example.com,39.246.90.203,Premium,Yes
Ellison,73,cynthia.ellison@example.org,73.120.226.42,Free,No
Parrish,99,garrett.parrish@example.com,46.217.192.32,Free,No
Murphy,90,christopher.murphy@example.org,128.164.118.168,Max-imal,Yes
Davis,20,beth.davis@example.com,41.96.112.236,Premium,No
Griffin,88,charles.griffin@example.com,190.117.114.28,Free,No
Johnson,3,douglas.johnson@example.net,171.15.172.17,Premium,No
Pratt,50,cameron.pratt@example.com,98.141.191.30,Premium,No
Adams,10,timothy.adams@example.org,198.225.175.86,Premium,No
Li,71,timothy.li@example.net,59.34.14.1,Max-imal,No
Parrish,99,sonya.parrish@example.com,91.219.191.48,Premium,No
Davis,20,trevor.davis@example.com,150.20.42.137,Free,No
Booth,85,julia.booth@example.net,96.37.83.151,Max-imal,No
Navarro,58,ricky.navarro@example.net,219.84.65.84,Free,Yes
Schmidt,69,rachael.schmidt@example.net,113.55.0.66,Premium,Yes
Cline,95,morgan.cline@example.net,55.67.254.74,Max-imal,Yes
Parrish,99,lisa.parrish@example.org,109.209.115.196,Premium,No
Garza,74,jeffrey.garza@example.org,168.91.180.139,Premium,Yes
Navarro,58,angela.navarro@example.com,70.122.192.98,Max-imal,Yes
Lewis,80,daniel.lewis@example.com,187.187.214.125,Max-imal,Yes
Parrish,99,david.parrish@example.net,160.85.83.45,Max-imal,Yes
Clark,62,jennifer.clark@example.net,215.26.129.229,Free,Yes
Riley,25,michael.riley@example.com,49.239.48.100,Max-imal,No
Williams,17,dalton.williams@example.org,196.104.14.196,Premium,Yes
Hill,60,stephanie.hill@example.net,77.188.78.64,Premium,No
Allen,84,gina.allen@example.net,56.100.19.193,Max-imal,No
Shaffer,64,tanya.shaffer@example.org,27.120.106.135,Max-imal,Yes
Watson,29,nancy.watson@example.net,66.39.152.191,Free,No
Berry,11,faith.berry@example.org,110.66.26.151,Free,Yes
Wilkinson,68,jackson.wilkinson@example.org,171.59.86.28,Free,No
Li,71,james.li@example.org,119.128.251.147,Free,Yes
Thompson,28,john.thompson@example.org,86.114.127.130,Premium,Yes
Gibson,7,melanie.gibson@example.net,191.129.220.49,Max-imal,No
Miller,55,julie.miller@example.org,155.157.216.190,Max-imal,Yes
Horn,83,carol.horn@example.com,168.4.149.126,Free,No
Knight,77,abigail.knight@example.net,20.24.189.11,Free,No
Garza,74,jacob.garza@example.net,146.165.67.224,Max-imal,No
Andrade,61,robert.andrade@example.net,213.176.178.214,Max-imal,Yes
Navarro,58,benjamin.navarro@example.com,24.196.223.6,Max-imal,Yes
Garcia,34,whitney.garcia@example.com,192.228.40.123,Premium,No
Jordan,49,william.jordan@example.net,217.210.226.17,Max-imal,Yes
Stone,66,miranda.stone@example.com,95.37.197.123,Max-imal,No
Hancock,79,aaron.hancock@example.org,8.124.66.239,Free,No
Mann,98,louis.mann@example.com,170.26.55.251,Premium,No
Parrish,99,george.parrish@example.net,79.38.209.4,Premium,No
Lynn,51,carrie.lynn@example.org,223.255.236.157,Free,No
Davis,20,frances.davis@example.net,204.57.70.128,Max-imal,No
Edwards,65,crystal.edwards@example.org,146.24.7.233,Premium,No
