last_name,family_id,email,ip,plan,is_adult
Lindsey,78,jennifer.lindsey@example.org,212.209.52.111,Free,No
Morris,14,kevin.morris@example.net,160.157.131.165,Free,Yes
Oneill,51,annette.oneill@example.net,68.67.217.244,Free,Yes
Evans,34,matthew.evans@example.org,71.182.213.153,Free,No
Watkins,29,mary.watkins@example.com,66.86.185.199,Premium,No
Vasquez,95,alexis.vasquez@example.net,120.142.111.194,Premium,Yes
Cook,65,erica.cook@example.com,3.15.140.237,Max-imal,Yes
Ramos,96,nancy.ramos@example.com,166.4.156.233,Premium,No
Lawrence,9,martin.lawrence@example.net,114.114.225.71,Premium,No
Irwin,74,norma.irwin@example.com,33.214.215.23,Premium,Yes
Waller,37,tracy.waller@example.com,195.118.31.12,Free,No
Bailey,61,nicholas.bailey@example.com,141.15.111.106,Free,Yes
Bell,11,roberto.bell@example.com,91.222.110.5,Premium,Yes
Ramos,96,heather.ramos@example.org,121.235.13.36,Premium,Yes
Payne,72,sherry.payne@example.net,208.217.80.15,Premium,No
Jones,10,tina.jones@example.com,188.184.45.187,Free,Yes
Simmons,39,linda.simmons@example.org,79.254.252.252,Free,Yes
Fowler,0,david.fowler@example.net,106.46.200.56,Premium,No
Haynes,48,donna.haynes@example.net,166.90.113.94,Max-imal,No
Baird,52,jessica.baird@example.org,150.249.62.37,Premium,Yes
Fowler,0,john.fowler@example.net,49.203.16.130,Free,Yes
Lin,80,brian.lin@example.net,30.242.73.155,Max-imal,No
Watkins,29,paul.watkins@example.org,96.251.225.23,Free,No
Li,50,tracy.li@example.com,77.76.247.67,Max-imal,Yes
Rodgers,57,tina.rodgers@example.net,18.40.123.139,Premium,Yes
Maxwell,94,shawna.maxwell@example.net,136.72.24.109,Max-imal,No
Ortiz,45,taylor.ortiz@example.net,145.155.196.54,Max-imal,Yes
Williams,7,justin.williams@example.org,154.20.199.235,Free,No
Robinson,87,robert.robinson@example.net,48.89.29.86,Max-imal,No
Hinton,44,elizabeth.hinton@example.org,160.56.103.51,Max-imal,No
Logan,35,crystal.logan@example.org,115.168.196.77,Max-imal,Yes
Payne,72,jeffrey.payne@example.net,104.251.213.225,Free,Yes
Maxwell,94,pamela.maxwell@example.com,176.178.101.49,Free,No
York,69,ashley.york@example.org,188.148.169.102,Max-imal,No
Harding,76,gerald.harding@example.net,13.248.18.111,Max-imal,No
Phillips,38,william.phillips@example.com,206.206.159.32,Premium,Yes
Miller,70,brian.miller@example.net,120.30.78.169,Max-imal,No
Mcbride,82,brandon.mcbride@example.net,112.55.130.92,Max-imal,No
Perez,2,angela.perez@example.net,181.72.205.151,Max-imal,No
Hernandez,19,eduardo.hernandez@example.net,30.209.194.64,Free,No
Phillips,38,michael.phillips@example.net,135.177.243.55,Max-imal,Yes
Bush,13,steven.bush@example.org,180.26.137.2,Free,Yes
Simmons,39,crystal.simmons@example.com,45.154.231.74,Free,No
Haas,71,sarah.haas@example.net,219.247.214.133,Free,Yes
Duncan,54,tina.duncan@example.net,220.94.96.164,Free,No
Black,91,erika.black@example.org,37.39.68.5,Premium,No
Taylor,1,james.taylor@example.org,191.183.49.75,Max-imal,Yes
Weiss,26,deborah.weiss@example.org,91.8.70.250,Premium,Yes
Gilmore,30,lisa.gilmore@example.com,16.46.129.72,Premium,No
Baird,52,david.baird@example.org,166.119.249.209,Free,Yes
Gallagher,55,eileen.gallagher@example.net,160.115.120.150,Premium,Yes
Cook,65,tamara.cook@example.org,107.129.255.201,Free,No
Young,68,frederick.young@example.org,175.26.252.141,Free,No
Fitzpatrick,17,douglas.fitzpatrick@example.net,157.40.149.66,Max-imal,Yes
Warner,99,lori.warner@example.com,110.189.210.56,Free,No
Payne,72,natasha.payne@example.net,207.116.31.153,Premium,No
Gonzalez,23,juan.gonzalez@example.net,85.25.207.141,Max-imal,Yes
Brown,6,kristy.brown@example.com,46.84.10.106,Free,Yes
Flores,31,johnny.flores@example.org,169.111.37.203,Free,No
Harding,76,linda.harding@example.com,53.39.250.29,Free,No
Weiss,26,melody.weiss@example.com,53.102.115.227,Premium,No
Yates,16,ralph.yates@example.com,32.208.159.2,Max-imal,Yes
Barrett,93,gary.barrett@example.com,150.199.90.133,Max-imal,No
Baird,52,ruth.baird@example.org,186.213.34.208,Free,Yes
Lin,80,joyce.lin@example.com,84.134.191.106,Max-imal,Yes
Wilson,15,crystal.wilson@example.net,105.200.92.143,Premium,Yes
Rogers,66,carolyn.rogers@example.net,52.126.158.101,Free,No
Bush,13,penny.bush@example.net,23.187.97.67,Max-imal,Yes
Anderson,43,latoya.anderson@example.com,166.211.94.152,Free,No
Robinson,87,george.robinson@example.net,35.120.3.9,Free,No
Lee,24,linda.lee@example.com,155.104.15.106,Free,No
Frank,4,christine.frank@example.org,65.68.93.250,Premium,No
Dixon,41,samantha.dixon@example.org,63.224.76.210,Premium,Yes
Black,91,caitlin.black@example.net,135.169.160.142,Premium,No
Bush,13,andrea.bush@example.com,153.135.140.179,Premium,No
Ramirez,90,derek.ramirez@example.org,64.103.75.104,Max-imal,Yes
Singh,53,john.singh@example.com,188.1.161.29,Premium,No
Webb,40,wesley.webb@example.org,27.139.49.68,Free,Yes
Vasquez,95,stephanie.vasquez@example.org,113.254.100.193,Premium,Yes
Soto,3,kristen.soto@example.org,14.96.65.45,Max-imal,No
Nelson,64,brian.nelson@example.com,76.108.101.101,Premium,Yes
Ramirez,90,jacob.ramirez@example.com,112.59.211.255,Free,No
Alexander,28,sharon.alexander@example.com,33.119.64.137,Max-imal,No
Waller,37,allen.waller@example.net,144.173.243.251,Free,Yes
Fitzpatrick,17,charles.fitzpatrick@example.net,168.228.14.213,Premium,Yes
Robinson,87,joshua.robinson@example.com,81.44.65.145,Max-imal,No
Morgan,83,christian.morgan@example.net,69.60.9.165,Max-imal,No
Bowman,22,joan.bowman@example.com,108.206.233.14,Free,No
Gallagher,55,jack.gallagher@example.net,214.154.59.191,Free,Yes
Vasquez,95,veronica.vasquez@example.net,106.2.205.252,Premium,No
Lawrence,9,samantha.lawrence@example.org,82.205.249.185,Premium,No
Davis,8,nathan.davis@example.com,132.163.241.58,Max-imal,No
Yu,84,courtney.yu@example.net,120.45.205.50,Free,No
Dixon,41,robert.dixon@example.net,119.192.77.148,Premium,Yes
Wiggins,49,amy.wiggins@example.net,70.35.145.46,Max-imal,No
Warner,99,laura.warner@example.net,100.214.177.135,Premium,Yes
Li,50,matthew.li@example.com,198.45.127.251,Premium,No
Rodgers,57,matthew.rodgers@example.org,78.159.255.241,Max-imal,Yes
Robinson,87,isabella.robinson@example.net,177.226.174.39,Premium,Yes
Calderon,27,katherine.calderon@example.com,118.102.24.81,Max-imal,Yes
Lopez,32,emily.lopez@example.net,125.8.101.247,Max-imal,Yes
Phillips,38,richard.phillips@example.net,157.111.96.70,Free,Yes
Davis,8,aaron.davis@example.net,210.183.121.104,Max-imal,Yes
Yates,16,robert.yates@example.net,131.181.224.9,Premium,Yes
Johnson,47,jack.johnson@example.net,29.84.187.178,Max-imal,Yes
Warner,99,madison.warner@example.org,69.201.44.34,Free,Yes
Martinez,60,angela.martinez@example.com,47.208.167.4,Max-imal,No
Bryant,63,david.bryant@example.org,36.194.26.45,Free,No
Hinton,44,diana.hinton@example.net,103.247.31.28,Free,No
Watkins,29,kevin.watkins@example.net,156.217.59.163,Max-imal,Yes
Taylor,1,luke.taylor@example.com,22.122.157.202,Premium,No
Garcia,75,anthony.garcia@example.com,89.167.125.148,Free,No
Hinton,44,christopher.hinton@example.org,151.120.180.126,Max-imal,Yes
Lawrence,9,bethany.lawrence@example.org,164.113.150.248,Max-imal,No
Ramirez,90,tammy.ramirez@example.net,221.47.65.102,Max-imal,Yes
Crosby,20,james.crosby@example.net,138.161.23.209,Premium,Yes
Oneill,51,dennis.oneill@example.net,23.65.142.138,Free,Yes
Miller,70,linda.miller@example.net,20.86.10.115,Max-imal,No
Soto,3,kristen.soto@example.net,72.119.143.3,Premium,Yes
Weaver,79,christian.weaver@example.org,125.255.143.100,Max-imal,Yes
Mcbride,82,david.mcbride@example.org,160.54.7.197,Free,No
Calderon,27,kaitlin.calderon@example.com,209.122.167.213,Free,Yes
Ramirez,90,jonathan.ramirez@example.org,57.71.64.237,Max-imal,Yes
Winters,59,timothy.winters@example.org,80.17.195.193,Premium,Yes
Morris,14,jessica.morris@example.com,93.5.252.15,Premium,No
Fields,77,donald.fields@example.net,88.232.249.227,Max-imal,No
Black,91,tyler.black@example.net,109.238.241.73,Premium,Yes
Hernandez,19,michelle.hernandez@example.net,9.145.32.185,Free,No
Morgan,83,brooke.morgan@example.org,222.135.91.108,Premium,Yes
Alexander,28,jason.alexander@example.org,108.95.60.176,Max-imal,No
Robinson,87,amy.robinson@example.com,132.85.203.146,Premium,Yes
Lee,24,rebecca.lee@example.net,177.141.196.25,Premium,No
Rodgers,57,ralph.rodgers@example.org,159.139.145.17,Max-imal,No
Murphy,85,ashley.murphy@example.net,125.2.142.12,Max-imal,No
Fitzpatrick,17,frank.fitzpatrick@example.net,72.251.160.39,Max-imal,No
Anderson,43,michael.anderson@example.com,27.141.195.80,Premium,Yes
Rodriguez,92,christopher.rodriguez@example.org,79.166.209.152,Free,No
Perez,2,peggy.perez@example.org,138.201.59.100,Premium,No
Hall,42,robert.hall@example.net,88.241.116.243,Premium,Yes
Young,68,jeffrey.young@example.org,57.231.244.150,Max-imal,No
Cook,65,traci.cook@example.net,14.13.215.174,Premium,Yes
Crosby,20,gary.crosby@example.org,131.222.240.12,Premium,No
Ramirez,90,jonathan.ramirez@example.com,98.119.43.253,Max-imal,Yes
Dixon,41,michael.dixon@example.com,143.159.26.160,Premium,Yes
Hernandez,19,ronald.hernandez@example.org,20.73.51.144,Free,Yes
Allen,89,edward.allen@example.com,190.28.1.252,Premium,No
Fitzpatrick,17,colleen.fitzpatrick@example.net,186.147.2.68,Premium,No
Li,50,james.li@example.org,214.151.134.150,Max-imal,No
York,69,cheryl.york@example.net,129.16.105.226,Free,No
Evans,34,anita.evans@example.com,5.63.177.134,Free,Yes
Taylor,1,nicole.taylor@example.net,83.235.124.150,Free,No
Perez,2,ian.perez@example.net,64.87.92.191,Free,Yes
Winters,59,jessica.winters@example.org,83.142.102.108,Premium,Yes
Bell,11,robert.bell@example.com,173.126.11.194,Premium,No
Medina,81,eric.medina@example.com,158.93.22.244,Premium,Yes
Morris,14,erica.morris@example.com,76.55.214.84,Max-imal,Yes
Irwin,74,terri.irwin@example.org,22.196.14.4,Free,Yes
Logan,35,daniel.logan@example.org,44.24.194.21,Free,No
Lee,24,april.lee@example.com,79.152.164.240,Premium,Yes
Duncan,54,robert.duncan@example.net,52.22.112.212,Max-imal,Yes
Dixon,41,cynthia.dixon@example.org,52.226.93.227,Premium,No
Singh,53,chelsea.singh@example.org,221.212.57.173,Premium,No
Rodgers,57,tammy.rodgers@example.net,140.63.81.71,Max-imal,Yes
Winters,59,emily.winters@example.com,11.87.143.198,Max-imal,Yes
Sanders,62,kevin.sanders@example.net,53.125.111.235,Max-imal,No
Perez,2,rhonda.perez@example.org,33.47.78.94,Max-imal,Yes
Mcbride,82,ricky.mcbride@example.com,94.31.9.91,Free,Yes
Dixon,41,nathan.dixon@example.net,68.100.41.247,Free,No
Rodgers,57,joseph.rodgers@example.com,221.100.162.74,Free,Yes
Logan,35,makayla.logan@example.net,9.128.140.187,Premium,No
Allen,89,james.allen@example.org,5.208.97.157,Free,Yes
Bush,13,jerry.bush@example.net,173.177.124.73,Free,No
Frank,4,brent.frank@example.net,122.195.165.233,Free,No
Winters,59,joel.winters@example.org,175.178.244.91,Premium,No
Hinton,44,paula.hinton@example.com,68.238.32.85,Max-imal,Yes
Hinton,44,travis.hinton@example.net,128.160.91.142,Max-imal,No
Hinton,44,christina.hinton@example.org,192.200.136.48,Premium,No
Murphy,85,holly.murphy@example.com,77.235.31.151,Free,Yes
Irwin,74,shawn.irwin@example.net,185.125.233.136,Max-imal,No
Brown,6,ryan.brown@example.org,10.223.206.6,Max-imal,Yes
Rogers,66,brian.rogers@example.net,26.181.181.197,Premium,No
Miller,70,devon.miller@example.com,62.54.22.204,Premium,Yes
Wiggins,49,david.wiggins@example.com,183.247.45.187,Free,Yes
Li,50,kevin.li@example.org,109.229.41.67,Free,No
Ortiz,45,michael.ortiz@example.net,6.120.17.125,Max-imal,No
Lopez,32,michael.lopez@example.org,153.83.227.162,Free,Yes
Allen,89,jeremy.allen@example.org,22.7.212.88,Free,Yes
Johnson,47,robert.johnson@example.net,10.87.104.56,Free,Yes
Weiss,26,april.weiss@example.org,154.111.132.71,Premium,No
Flores,31,morgan.flores@example.com,186.199.244.114,Max-imal,No
Waller,37,shane.waller@example.org,200.109.172.193,Free,Yes
Young,68,robert.young@example.org,90.171.100.112,Max-imal,Yes
Myers,36,matthew.myers@example.org,83.110.164.236,Premium,Yes
Robinson,87,shane.robinson@example.com,74.207.149.70,Max-imal,No
Morris,14,haley.morris@example.com,178.224.89.13,Premium,No
Jackson,5,sean.jackson@example.com,105.25.144.153,Free,No
Harding,76,vernon.harding@example.org,197.179.120.132,Premium,Yes
Phillips,38,james.phillips@example.net,58.122.124.143,Free,Yes
Young,68,tracy.young@example.com,85.47.225.92,Premium,No
Nelson,64,carl.nelson@example.org,145.168.98.60,Free,No
Murphy,85,dillon.murphy@example.org,182.20.115.122,Free,Yes
Ramos,96,sarah.ramos@example.org,31.92.241.249,Premium,No
Kennedy,12,christina.kennedy@example.com,149.114.234.198,Max-imal,Yes
Rogers,66,patrick.rogers@example.net,15.201.136.29,Free,No
Weaver,79,jose.weaver@example.org,175.176.233.21,Free,Yes
Ali,21,rachel.ali@example.net,54.101.73.232,Max-imal,No
Lucas,33,joseph.lucas@example.net,191.85.1.238,Max-imal,No
Bailey,61,monica.bailey@example.net,105.135.145.64,Max-imal,No
Singh,53,kristen.singh@example.com,106.37.255.108,Free,No
Williams,7,debbie.williams@example.org,174.50.17.163,Free,No
Kennedy,12,troy.kennedy@example.net,145.41.227.110,Premium,No
Allen,89,rachel.allen@example.org,129.9.218.202,Max-imal,Yes
Mcbride,82,john.mcbride@example.org,148.130.250.164,Free,No
Gallagher,55,lisa.gallagher@example.com,84.201.237.68,Free,No
Crosby,20,tom.crosby@example.com,181.143.157.41,Max-imal,No
Hall,42,michael.hall@example.com,155.16.94.172,Free,Yes
Morgan,83,martin.morgan@example.org,46.34.168.53,Free,No
Fields,77,lisa.fields@example.net,27.2.197.6,Premium,No
Waller,37,gabriel.waller@example.net,222.201.247.21,Free,Yes
Gonzalez,23,april.gonzalez@example.net,213.144.0.49,Free,No
Duncan,54,phillip.duncan@example.net,55.204.41.132,Premium,No
Jones,10,jackson.jones@example.org,216.146.85.34,Free,No
Brown,6,anna.brown@example.com,89.156.241.93,Premium,Yes
Allen,89,katelyn.allen@example.net,172.39.167.71,Premium,No
Bailey,61,kathryn.bailey@example.net,85.61.216.208,Max-imal,Yes
Soto,3,michael.soto@example.net,201.157.7.100,Free,No
Haynes,48,trevor.haynes@example.net,205.227.117.234,Free,Yes
Lin,80,melissa.lin@example.net,197.39.52.28,Free,No
Bowman,22,charles.bowman@example.org,145.98.95.164,Max-imal,Yes
Weiss,26,jeremy.weiss@example.net,78.153.60.193,Max-imal,Yes
Waller,37,megan.waller@example.com,168.240.126.110,Premium,Yes
Morris,14,jennifer.morris@example.org,98.212.51.203,Premium,No
Kennedy,12,rachael.kennedy@example.org,114.202.68.240,Free,Yes
Cook,65,christina.cook@example.org,80.196.232.28,Free,No
Hinton,44,theresa.hinton@example.com,160.57.82.131,Premium,No
Webb,40,christina.webb@example.net,121.177.224.60,Free,No
Ortiz,45,madison.ortiz@example.org,39.16.70.106,Max-imal,Yes
Kennedy,12,joshua.kennedy@example.com,25.156.162.202,Free,No
Ali,21,charles.ali@example.com,4.97.38.96,Premium,Yes
Oneill,51,leslie.oneill@example.com,161.211.118.219,Premium,Yes
Murphy,85,carlos.murphy@example.com,62.166.191.159,Premium,Yes
Haas,71,jill.haas@example.org,162.240.128.210,Premium,Yes
Irwin,74,bryan.irwin@example.net,151.236.5.200,Max-imal,No
Ramos,96,alicia.ramos@example.com,191.44.96.28,Max-imal,No
Payne,72,derrick.payne@example.net,133.83.25.24,Free,Yes
Young,68,laurie.young@example.net,79.202.167.173,Free,Yes
Sanders,62,barbara.sanders@example.org,173.97.27.252,Free,Yes
Crosby,20,christopher.crosby@example.org,31.195.209.133,Free,No
Taylor,1,janet.taylor@example.net,77.82.30.101,Premium,No
Baird,52,ashley.baird@example.net,134.193.102.74,Premium,No
Payne,72,jonathan.payne@example.org,187.241.66.0,Max-imal,Yes
York,69,robert.york@example.org,33.238.134.17,Free,Yes
Horn,88,andrea.horn@example.net,86.208.226.23,Free,Yes
Myers,36,william.myers@example.org,175.15.68.126,Premium,Yes
Bell,11,eric.bell@example.com,27.134.40.12,Free,Yes
Duncan,54,shannon.duncan@example.com,80.25.208.224,Premium,Yes
Lindsey,78,angela.lindsey@example.org,198.128.114.137,Premium,Yes
Murphy,85,angela.murphy@example.org,30.49.89.230,Premium,Yes
Maxwell,94,joe.maxwell@example.net,83.46.25.147,Free,Yes
Mcbride,82,curtis.mcbride@example.org,95.143.45.58,Free,Yes
Preston,98,darren.preston@example.org,102.246.186.40,Free,Yes
Stewart,18,cassie.stewart@example.net,21.36.102.59,Free,No
Dixon,41,nancy.dixon@example.org,20.149.9.188,Premium,No
Wise,97,sandra.wise@example.com,137.108.4.122,Premium,Yes
Jones,10,alexandra.jones@example.net,164.189.116.161,Max-imal,No
Stewart,18,cynthia.stewart@example.org,12.129.162.255,Premium,No
Oneill,51,michael.oneill@example.net,156.236.117.94,Premium,No
Fowler,0,christy.fowler@example.com,97.83.252.175,Max-imal,Yes
Taylor,1,benjamin.taylor@example.net,68.233.156.171,Free,Yes
Jackson,5,susan.jackson@example.net,159.36.112.209,Free,No
Payne,72,austin.payne@example.net,90.112.90.187,Premium,Yes
Yu,84,peter.yu@example.org,57.232.126.110,Max-imal,Yes
Martinez,60,deborah.martinez@example.org,23.174.246.94,Max-imal,Yes
Lindsey,78,ronald.lindsey@example.com,160.240.218.151,Free,No
Flores,31,william.flores@example.org,154.190.31.146,Premium,No
Brown,6,tyler.brown@example.net,124.234.157.68,Premium,No
Fowler,0,shawn.fowler@example.com,105.18.130.175,Max-imal,Yes
Weaver,79,ricky.weaver@example.net,3.167.235.84,Max-imal,Yes
Maxwell,94,eric.maxwell@example.net,82.162.143.133,Premium,No
Bryant,63,elizabeth.bryant@example.org,190.178.217.37,Max-imal,No
Mcbride,82,william.mcbride@example.org,93.199.109.151,Premium,No
Morgan,83,timothy.morgan@example.com,39.94.86.180,Max-imal,Yes
Baird,52,melanie.baird@example.net,208.44.130.232,Max-imal,Yes
Vasquez,95,steve.vasquez@example.com,194.106.244.122,Max-imal,No
Maxwell,94,shannon.maxwell@example.com,71.242.100.201,Premium,No
Allen,89,lindsey.allen@example.net,14.227.113.190,Free,Yes
Wiggins,49,aaron.wiggins@example.com,102.82.114.206,Max-imal,Yes
Warner,99,matthew.warner@example.org,26.138.124.185,Premium,Yes
Simmons,39,teresa.simmons@example.net,151.26.178.114,Free,No
Lopez,32,jennifer.lopez@example.org,7.39.139.104,Premium,No
Rodgers,57,zachary.rodgers@example.com,76.43.63.168,Free,Yes
Myers,36,janet.myers@example.net,45.66.217.240,Max-imal,Yes
Robinson,87,gary.robinson@example.net,146.168.193.40,Premium,Yes
Ramos,96,debra.ramos@example.org,197.10.141.99,Premium,No
Bryant,63,roberto.bryant@example.com,19.86.240.166,Free,Yes
Weaver,79,jamie.weaver@example.org,40.28.24.37,Max-imal,Yes
Avila,25,lance.avila@example.org,81.58.49.17,Free,Yes
Garcia,75,cynthia.garcia@example.com,112.139.193.207,Free,Yes
Calderon,27,alexis.calderon@example.net,81.217.204.98,Premium,Yes
Preston,98,michelle.preston@example.net,130.184.48.206,Free,No
Nelson,64,duane.nelson@example.com,182.30.154.124,Max-imal,No
Brown,6,erica.brown@example.net,164.250.96.20,Free,No
Bell,11,andrew.bell@example.com,210.214.143.65,Premium,No
Payne,72,theresa.payne@example.com,56.40.79.10,Max-imal,No
Brown,6,adam.brown@example.org,54.154.80.243,Premium,No
Morris,14,andrew.morris@example.com,164.94.109.251,Max-imal,Yes
Ortiz,45,edward.ortiz@example.net,165.165.248.121,Max-imal,Yes
Evans,34,matthew.evans@example.net,188.196.48.17,Free,Yes
Bush,13,ronald.bush@example.net,163.53.96.45,Free,No
Irwin,74,caitlin.irwin@example.com,14.241.252.235,Free,Yes
Gilmore,30,marie.gilmore@example.com,60.66.209.98,Max-imal,Yes
Simmons,39,paul.simmons@example.com,11.243.107.23,Free,No
Lin,80,katrina.lin@example.net,132.76.129.45,Premium,Yes
Horn,88,linda.horn@example.com,53.39.141.223,Premium,No
Miller,70,rebecca.miller@example.com,185.99.197.53,Premium,No
Bryant,63,james.bryant@example.net,29.236.143.79,Premium,No
Patel,86,laura.patel@example.com,65.31.135.228,Free,Yes
Allen,89,alex.allen@example.net,222.10.100.168,Premium,Yes
Bryant,63,melody.bryant@example.net,76.53.116.100,Max-imal,Yes
Fields,77,john.fields@example.com,213.134.99.85,Premium,No
Haynes,48,melissa.haynes@example.net,121.206.158.93,Premium,Yes
Horn,88,ashley.horn@example.net,162.205.23.120,Free,No
Young,68,corey.young@example.net,162.98.248.33,Max-imal,No
Simmons,39,samuel.simmons@example.com,150.183.45.157,Premium,Yes
Morgan,83,katherine.morgan@example.net,164.83.236.191,Premium,Yes
Lawrence,9,sheila.lawrence@example.org,27.79.16.120,Max-imal,No
Avila,25,savannah.avila@example.org,72.10.173.255,Free,No
Williams,7,howard.williams@example.net,156.103.158.76,Free,No
Oneill,51,christopher.oneill@example.net,208.86.157.208,Free,No
Davis,8,alexa.davis@example.com,207.111.180.198,Max-imal,No
Avila,25,sara.avila@example.com,213.98.45.114,Free,No
Murphy,85,sara.murphy@example.net,45.80.167.36,Max-imal,Yes
Singh,53,jenna.singh@example.net,68.135.83.33,Premium,No
Mcbride,82,susan.mcbride@example.org,122.132.28.58,Max-imal,No
York,69,bill.york@example.net,77.192.146.60,Free,No
Duncan,54,jamie.duncan@example.com,113.235.206.227,Free,Yes
Cook,65,tanya.cook@example.org,166.236.192.121,Premium,No
Dixon,41,jonathan.dixon@example.org,119.216.174.195,Free,Yes
Myers,36,keith.myers@example.net,28.89.240.82,Max-imal,Yes
Harding,76,christopher.harding@example.com,119.180.210.178,Premium,No
Perez,2,heidi.perez@example.org,204.131.202.96,Free,No
Phillips,38,luke.phillips@example.net,134.28.74.6,Free,Yes
Brown,6,patrick.brown@example.net,26.238.101.148,Premium,Yes
Wilson,15,kelly.wilson@example.com,48.17.50.148,Max-imal,No
Black,91,linda.black@example.com,83.254.199.117,Free,Yes
Singh,53,gregory.singh@example.net,95.4.136.105,Max-imal,Yes
Ramirez,90,danielle.ramirez@example.com,45.142.141.247,Premium,Yes
Logan,35,james.logan@example.net,74.138.215.187,Premium,Yes
Horn,88,joann.horn@example.net,81.217.229.109,Premium,No
Gallagher,55,paige.gallagher@example.net,121.132.99.234,Premium,No
Bond,58,robin.bond@example.com,205.129.206.245,Premium,No
Weaver,79,richard.weaver@example.net,192.155.163.110,Premium,Yes
Hall,42,adam.hall@example.com,183.74.205.168,Free,Yes
Anderson,43,pedro.anderson@example.org,185.203.206.203,Max-imal,Yes
Ortiz,45,margaret.ortiz@example.net,205.71.145.112,Max-imal,Yes
Bailey,61,jose.bailey@example.com,151.136.46.148,Free,Yes
Fowler,0,randy.fowler@example.org,108.255.185.46,Max-imal,Yes
Winters,59,steven.winters@example.org,40.26.212.241,Premium,Yes
Bailey,61,brian.bailey@example.net,138.183.141.215,Free,Yes
Fowler,0,sharon.fowler@example.org,137.129.210.204,Free,No
Ramos,96,michael.ramos@example.net,218.136.205.123,Free,Yes
Lucas,33,kyle.lucas@example.net,214.209.98.246,Free,Yes
Anderson,43,john.anderson@example.org,58.239.237.163,Free,No
Simmons,39,ashley.simmons@example.net,144.54.134.227,Free,Yes
Wilson,15,cassandra.wilson@example.org,154.76.0.178,Max-imal,Yes
Cook,65,mark.cook@example.com,11.207.81.68,Premium,No
Waller,37,rachael.waller@example.com,217.147.63.234,Max-imal,Yes
Yates,16,michael.yates@example.com,112.120.133.92,Premium,Yes
Preston,98,brad.preston@example.org,180.33.252.127,Premium,Yes
Preston,98,tammy.preston@example.net,67.196.42.4,Max-imal,No
Haynes,48,daniel.haynes@example.org,16.133.42.219,Free,No
Mitchell,67,elijah.mitchell@example.org,169.14.130.174,Premium,Yes
Rodriguez,92,andrea.rodriguez@example.com,186.253.162.92,Premium,Yes
Weiss,26,catherine.weiss@example.org,144.143.112.204,Max-imal,No
Brown,6,james.brown@example.org,1.9.200.84,Max-imal,Yes
Winters,59,bradley.winters@example.org,164.178.244.171,Premium,Yes
Lindsey,78,thomas.lindsey@example.com,95.5.105.108,Premium,No
Haas,71,jeremy.haas@example.com,129.200.200.57,Max-imal,No
Martinez,60,steven.martinez@example.com,9.181.207.52,Max-imal,No
Morgan,83,daniel.morgan@example.com,197.123.50.97,Max-imal,Yes
Stewart,18,tina.stewart@example.org,23.238.227.88,Free,No
York,69,eric.york@example.org,221.174.8.194,Premium,No
Warner,99,scott.warner@example.com,51.78.22.52,Premium,Yes
Frank,4,pamela.frank@example.org,144.238.86.239,Max-imal,Yes
Weaver,79,cody.weaver@example.org,186.230.248.221,Free,Yes
Haas,71,veronica.haas@example.com,216.72.147.73,Premium,No
Stewart,18,billy.stewart@example.org,213.23.218.29,Max-imal,Yes
Preston,98,lisa.preston@example.org,13.153.136.7,Max-imal,No
Warner,99,katherine.warner@example.org,74.184.51.184,Premium,No
Allen,89,michelle.allen@example.org,142.80.193.170,Max-imal,Yes
Watkins,29,jennifer.watkins@example.net,206.168.80.148,Premium,Yes
Myers,36,ronnie.myers@example.net,208.236.175.57,Premium,Yes
Garcia,75,bethany.garcia@example.net,183.119.214.183,Free,No
Ortiz,45,bruce.ortiz@example.net,9.3.170.44,Free,No
Haas,71,tyler.haas@example.com,195.93.30.228,Free,Yes
Yu,84,tracy.yu@example.org,221.132.57.100,Premium,No
Phillips,38,renee.phillips@example.com,199.168.120.154,Premium,No
Mcbride,82,renee.mcbride@example.com,88.214.165.134,Premium,Yes
Barrett,93,sarah.barrett@example.net,22.21.118.197,Max-imal,Yes
Rodgers,57,william.rodgers@example.org,21.3.74.1,Free,Yes
Horn,88,nicole.horn@example.com,212.244.211.174,Max-imal,No
Cook,65,jeffery.cook@example.net,42.23.116.49,Premium,No
Lewis,56,monique.lewis@example.org,131.94.184.8,Max-imal,Yes
Sanders,62,david.sanders@example.org,1.26.164.173,Max-imal,No
Anderson,43,sandra.anderson@example.com,93.135.235.136,Premium,Yes
Bowman,22,susan.bowman@example.net,216.196.49.192,Premium,No
Rogers,66,william.rogers@example.com,58.191.166.46,Max-imal,No
Haynes,48,ryan.haynes@example.net,208.94.55.182,Premium,Yes
Lopez,32,stanley.lopez@example.org,186.198.247.121,Max-imal,No
Medina,81,kristy.medina@example.net,68.197.249.136,Free,Yes
Jackson,5,thomas.jackson@example.net,96.66.189.53,Max-imal,No
Weaver,79,shawn.weaver@example.com,89.144.181.15,Free,No
Young,68,laura.young@example.org,41.50.32.225,Premium,Yes
Calderon,27,tyler.calderon@example.com,79.226.184.193,Premium,No
Warner,99,debbie.warner@example.org,139.217.109.152,Free,No
Fields,77,james.fields@example.net,15.23.90.238,Max-imal,Yes
Yates,16,david.yates@example.com,201.237.182.203,Premium,No
Gonzalez,23,leslie.gonzalez@example.org,71.213.244.108,Premium,Yes
Frank,4,stephen.frank@example.com,81.72.254.212,Max-imal,No
Logan,35,anna.logan@example.com,217.178.107.254,Premium,Yes
Watkins,29,calvin.watkins@example.org,33.177.202.254,Free,Yes
Ali,21,jeffrey.ali@example.net,60.220.156.38,Premium,No
Lopez,32,john.lopez@example.net,25.234.33.123,Free,Yes
Baird,52,stephanie.baird@example.net,61.112.59.97,Premium,Yes
Fowler,0,monica.fowler@example.com,210.140.35.174,Free,No
Davis,8,linda.davis@example.com,197.114.116.95,Free,Yes
Hinton,44,johnny.hinton@example.com,138.152.18.229,Premium,Yes
Perez,2,travis.perez@example.org,14.241.201.62,Premium,Yes
Hinton,44,troy.hinton@example.com,134.125.237.127,Free,Yes
Logan,35,andrea.logan@example.com,215.53.219.171,Free,No
Crosby,20,gregory.crosby@example.com,31.180.34.120,Max-imal,Yes
Garcia,75,denise.garcia@example.net,71.27.111.167,Premium,No
Webb,40,melissa.webb@example.org,150.228.156.148,Free,Yes
Johnson,47,heather.johnson@example.net,129.109.233.178,Max-imal,No
Fowler,0,tracy.fowler@example.net,177.173.19.218,Free,Yes
Haas,71,joseph.haas@example.org,144.38.174.233,Free,Yes
Crosby,20,margaret.crosby@example.net,130.200.189.51,Premium,Yes
Hall,42,jeffrey.hall@example.com,8.248.184.166,Premium,No
Johnson,47,gregory.johnson@example.net,208.250.205.203,Max-imal,Yes
Ortiz,45,laura.ortiz@example.net,186.242.42.146,Free,Yes
Bell,11,kyle.bell@example.net,2.105.198.246,Max-imal,No
Davis,8,scott.davis@example.com,115.114.50.11,Free,No
Jones,10,alicia.jones@example.org,97.0.182.141,Premium,No
Logan,35,amber.logan@example.com,41.52.13.213,Free,No
Jackson,5,samantha.jackson@example.org,157.50.160.155,Premium,No
Black,91,kimberly.black@example.net,108.154.76.62,Premium,No
Miller,70,catherine.miller@example.com,53.147.44.234,Premium,No
Cook,65,steven.cook@example.com,43.122.32.115,Free,No
Lawrence,9,megan.lawrence@example.org,43.226.71.170,Premium,Yes
Bowman,22,bruce.bowman@example.com,128.201.117.122,Free,Yes
Anderson,43,rachel.anderson@example.net,7.37.173.14,Max-imal,Yes
Ramirez,90,gabriela.ramirez@example.org,108.253.187.177,Max-imal,No
Winters,59,julia.winters@example.net,51.52.202.202,Premium,No
Bryant,63,marie.bryant@example.com,126.248.178.61,Premium,Yes
Morris,14,shane.morris@example.org,187.38.30.54,Free,No
Horn,88,amanda.horn@example.net,17.229.179.233,Max-imal,Yes
Cook,65,jill.cook@example.org,32.212.65.189,Premium,No
Crosby,20,marilyn.crosby@example.com,175.63.220.190,Max-imal,No
Weaver,79,teresa.weaver@example.org,153.112.227.239,Free,Yes
Rodriguez,92,amy.rodriguez@example.org,142.162.233.121,Max-imal,No
Payne,72,gina.payne@example.net,88.224.13.219,Premium,Yes
Watkins,29,robert.watkins@example.com,32.143.55.183,Premium,Yes
Allen,89,shawn.allen@example.org,163.116.113.72,Premium,No
Warner,99,shane.warner@example.net,102.87.28.15,Premium,Yes
Perez,2,caitlyn.perez@example.net,153.139.13.92,Max-imal,No
Bell,11,michelle.bell@example.net,192.99.114.70,Max-imal,No
Lewis,56,kelly.lewis@example.net,199.61.26.87,Premium,Yes
Ali,21,nathaniel.ali@example.net,145.70.79.41,Free,No
Robinson,87,tanya.robinson@example.com,102.142.13.242,Max-imal,No
Maxwell,94,david.maxwell@example.com,24.214.197.31,Premium,Yes
Morgan,83,darrell.morgan@example.net,48.19.169.3,Free,Yes
Morris,14,veronica.morris@example.com,79.141.250.51,Free,No
Lucas,33,ryan.lucas@example.net,8.241.201.123,Premium,Yes
Avila,25,maurice.avila@example.org,85.33.53.216,Free,Yes
Frank,4,scott.frank@example.com,156.147.59.145,Free,No
Garcia,75,john.garcia@example.com,118.53.187.66,Free,Yes
Robinson,87,joshua.robinson@example.org,8.183.121.216,Max-imal,No
Johnson,47,jessica.johnson@example.org,214.141.158.168,Free,No
Watkins,29,paul.watkins@example.com,68.183.105.29,Max-imal,Yes
Vasquez,95,jennifer.vasquez@example.com,193.104.182.178,Premium,No
Garcia,75,monica.garcia@example.net,21.25.246.188,Max-imal,No
Gallagher,55,calvin.gallagher@example.net,77.162.174.152,Max-imal,Yes
Warner,99,lauren.warner@example.com,69.216.137.139,Free,No
Haas,71,tamara.haas@example.net,135.92.188.229,Premium,No
Duncan,54,david.duncan@example.com,188.123.156.116,Free,Yes
Irwin,74,erik.irwin@example.net,25.38.114.192,Free,No
Lee,24,joshua.lee@example.org,94.205.44.214,Free,Yes
Rogers,66,joseph.rogers@example.com,121.26.221.214,Max-imal,Yes
Young,68,daisy.young@example.com,42.144.209.10,Premium,Yes
Anderson,43,travis.anderson@example.com,76.18.79.228,Free,No
Watkins,29,nicholas.watkins@example.net,13.216.89.248,Max-imal,No
Ramirez,90,katrina.ramirez@example.com,108.187.107.81,Free,Yes
Ramirez,90,christopher.ramirez@example.net,164.13.133.32,Premium,No
Porter,73,leroy.porter@example.com,103.201.201.222,Premium,No
Sanders,62,danny.sanders@example.net,211.193.193.20,Premium,Yes
Rodriguez,92,kelly.rodriguez@example.com,139.74.248.40,Premium,Yes
Dixon,41,barry.dixon@example.org,209.213.236.230,Max-imal,Yes
Horn,88,denise.horn@example.org,153.46.41.36,Free,Yes
York,69,wendy.york@example.org,55.115.101.236,Premium,No
Ramirez,90,danielle.ramirez@example.org,122.153.164.194,Max-imal,Yes
